{"point_a": {"position": {"x": -0.05661558576683729, "y": 2.4415031352673444, "z": -6.478756496619553e-06}, "orientation": {"x": 9.48662601779238e-07, "y": 9.275904083551896e-07, "z": 0.6991211759413318, "w": -0.7150032037331363}}, "point_b": {"position": {"x": -0.2820032462342207, "y": 0.2660328672149311, "z": -7.059507978190993e-07}, "orientation": {"x": 9.372295507642614e-07, "y": -9.391408132896e-07, "z": -0.7078266698170537, "w": -0.7063861589059764}}, "point_c": {"position": {"x": -0.6138830093107972, "y": -0.6315170975232167, "z": 1.6757786283072562e-06}, "orientation": {"x": -1.6452039432061954e-08, "y": -1.3266928914575675e-06, "z": -0.9999231190739211, "w": 0.01239983627799078}}}
