{
  "home": {
    "position": {
      "x": -0.07172504380239063,
      "y": 1.9893529761899174,
      "z": -0.000005278935449215538
    },
    "orientation": {
      "x": -9.015682949408267e-7,
      "y": -9.734265803053803e-7,
      "z": -0.7336677151711379,
      "w": 0.6795084132766877
    }
  },
  "point_a": {
    "position": {
      "x": 1.0905490495133454,
      "y": 0.7568510772149674,
      "z": -0.0000020083809899595906
    },
    "orientation": {
      "x": -9.275789978769552e-7,
      "y": -9.486737586676908e-7,
      "z": -0.7150116126352815,
      "w": 0.699112575909584
    }
  },
  "point_b": {
    "position": {
      "x": -0.5431487908726794,
      "y": -1.1217680726419914,
      "z": 0.000002976703612045384
    },
    "orientation": {
      "x": -1.3412152192747894e-8,
      "y": -0.0000013267271053309412,
      "z": -0.9999489059331552,
      "w": 0.010108685440041315
    }
  },
  "point_c": {
    "position": {
      "x": -1.219247050662774,
      "y": 0.5181439456109733,
      "z": -0.0000013749501817095222
    },
    "orientation": {
      "x": 9.289720305028573e-7,
      "y": -9.473096983328092e-7,
      "z": -0.7139835257591735,
      "w": -0.7001624989548779
    }
  }
}
