{"home": {"position": {"x": -0.11364000306381657, "y": 1.9806570847356897, "z": -5.255860120900735e-06}, "orientation": {"x": -8.978202536975025e-07, "y": -9.768845836321655e-07, "z": -0.7362739984295892, "w": 0.6766835296020919}}, "point_a": {"position": {"x": 1.0440436649194198, "y": 0.7493070779353717, "z": -1.9883623108007953e-06}, "orientation": {"x": -9.37093801507417e-07, "y": -9.392762665283509e-07, "z": -0.7079287604458248, "w": 0.7062838453000875}}, "point_b": {"position": {"x": -0.6138830093107972, "y": -0.6315170975232167, "z": 1.6757786283072562e-06}, "orientation": {"x": -1.6452039432061954e-08, "y": -1.3266928914575675e-06, "z": -0.9999231190739211, "w": 0.01239983627799078}}, "point_c": {"position": {"x": -1.098171260251814, "y": 0.35863608246340417, "z": -9.516817445209824e-07}, "orientation": {"x": 9.448056721185798e-07, "y": -9.315186202887051e-07, "z": -0.7020818534778255, "w": -0.7120962512296922}}, "crowd": {"position": {"x": -0.15740411404500548, "y": 0.8240005186670792, "z": -2.186568062167993e-06}, "orientation": {"x": 9.65958051140259e-07, "y": -9.09565688363985e-07, "z": -0.6855360166038293, "w": -0.7280387145867958}}}