{"HOME": {"position": {"x": -0.07172504380239063, "y": 1.9893529761899174, "z": -5.278935449215538e-06}, "orientation": {"x": -9.015682949408267e-07, "y": -9.734265803053803e-07, "z": -0.7336677151711379, "w": 0.6795084132766877}}, "A": {"position": {"x": 1.0905490495133454, "y": 0.7568510772149674, "z": -2.0083809899595906e-06}, "orientation": {"x": -9.275789978769552e-07, "y": -9.486737586676908e-07, "z": -0.7150116126352815, "w": 0.699112575909584}}, "B": {"position": {"x": -0.5431487908726794, "y": -1.1217680726419914, "z": 2.976703612045384e-06}, "orientation": {"x": -1.3412152192747894e-08, "y": -1.3267271053309412e-06, "z": -0.9999489059331552, "w": 0.010108685440041315}}, "C": {"position": {"x": -1.219247050662774, "y": 0.5181439456109733, "z": -1.3749501817095222e-06}, "orientation": {"x": 9.289720305028573e-07, "y": -9.473096983328092e-07, "z": -0.7139835257591735, "w": -0.7001624989548779}}}